max_depth,Training_Accuracy
5,0.8245079722570573
10,0.8507153277199089
15,0.8624113838200291
20,0.8742354055229954
None,0.9739462032605636
