n_estimators,Training_Accuracy
50,0.9735878995725948
100,0.9739206101399944
200,0.9739462032605636
