kernel,Training_Accuracy
linear,0.873518798147058
rbf,0.878867760346019
