Model,Test_Accuracy
Decision Tree,0.8590439144231754
Random Forest,0.8513665677141979
SVM,0.8725560446309756
